mean_reward,mean_q,mean_r,timestamp,checkpoint_dir_name,done,training_iteration,trial_id,date,time_this_iter_s,time_total_s,pid,hostname,node_ip,time_since_restore,iterations_since_restore
23.566,"[4.381 0.3   2.666 1.179 0.294 0.296 0.298 0.296 2.557 1.489 0.292 0.292
 0.59  0.602 0.3   0.296 2.528 0.623 0.961 0.634 0.314 2.247 1.246 0.621
 0.613 0.305 6.306 1.187 1.178 1.189 0.297 0.296 0.591 0.295 0.788 0.779
 0.993 1.194 0.29  0.582 1.452 0.293 0.889 0.294 0.295 1.672 1.192 0.598
 0.588 0.292 0.289 0.845 2.919 0.609 0.918 0.619 0.311 0.312 3.452 1.529
 0.605 0.613 0.311 1.392 2.419 0.89  0.296 0.594 0.297 0.3   5.853 2.722
 1.51  0.302 0.601 0.301 2.814 0.88  0.857 0.86  0.286 0.87  0.588 0.295
 0.291 3.166 0.975 2.705 1.499 0.608 0.606 0.299 1.252 4.551 1.785 0.591
 0.296 0.593 0.301 0.301 1.15  0.609 1.151 0.283 0.579 0.589 0.297 1.936
 2.533 1.814 0.899 0.297 0.296 0.295 2.815 1.17  1.175 0.591 0.295 0.297
 4.99  1.852 0.31  1.524 0.303 0.302 0.301 0.302 2.239 1.294 0.318 0.313
 0.623 0.314 5.645 0.917 0.614 2.138 0.914 0.607 0.303 0.301 3.442 2.159
 0.603 0.59  0.884 0.585 0.292 0.293 0.294 0.294 0.293 0.382 0.36  1.914
 0.302 0.87  0.594 0.297 2.102 1.022 1.869 0.303 1.183 1.48  0.897 0.297
 0.297 0.3   4.109 1.777 1.489 0.298 0.89  0.59  0.296 2.099 0.88  0.886
 0.292 0.287 0.292 1.705 1.429 2.707 2.039 0.582 0.295 0.295 0.293 0.294
 2.097 0.298 0.304 0.6   0.3   0.297 0.59  0.297 2.406 1.614 1.509 0.897
 2.073 1.472 0.293 0.585 0.293 4.363 0.875 0.294 1.197 0.599 0.299 0.299
 1.654 1.125 2.529 1.51  1.469 0.293 0.584 0.292 0.291 1.209 2.502 1.218
 0.907 0.304 0.305 1.975 0.961 0.599 1.437 0.871 0.294 0.587 0.292 0.582
 0.291 4.47  0.299 0.906 1.2   0.3   0.301 0.303 0.3   4.853 0.314 1.812
 1.203 0.604 1.501 0.3   0.595 0.296 1.616 2.046 0.913 1.784 0.592 1.192
 0.889 0.295 0.294 1.189 0.643 0.909 0.92  0.612 0.308 0.308 2.487 1.171
 0.584 0.588 0.297 0.3   0.301 0.299 0.3   2.404 2.564 2.478 0.616 0.617
 0.306 0.609 0.303 6.033 1.839 0.306 1.817 0.303 0.611 0.305 0.304 0.437
 1.817 1.309 1.229 0.307 0.311 0.308 0.305 0.303 0.302 4.161 0.588 0.296
 1.198 0.598 0.3   0.302 0.301 0.3   3.074 1.874 2.126 0.302 0.604 0.904
 0.301 0.302 0.301 3.33  1.706 0.66  0.978 0.323 2.233 1.263 0.94  0.313
 0.313 1.576 3.464 0.604 0.901 0.89  0.294 0.295 4.066 2.22  1.27  0.315
 0.62  0.931 0.309 0.309 3.158 2.879 0.623 1.534 0.924 0.617 0.305 2.95
 0.999 1.891 2.68  0.595 0.594 0.883 0.585 0.293 2.628 0.955 0.318 0.314
 0.638 0.318 1.86  0.309 1.462 0.86  0.88  0.58  0.291 1.581 1.625 1.464
 1.15  0.867 1.433 0.287 0.576 0.29  0.417 5.375 1.192 0.298 0.894 1.491
 0.299 0.302 0.602 0.302 1.146 0.713 2.776 1.496 0.302 0.616 0.613 0.305
 3.164 0.333 1.626 0.63  1.588 0.63  0.313 0.63  0.313 0.62  0.31  0.897
 1.227 2.671 0.616 0.305 0.612 1.851 0.928 0.309 0.309 0.308 0.796 1.758
 0.315 0.304 0.306 1.807 1.473 0.592 0.294 0.293 3.21  0.881 0.594 0.581
 0.585 0.291 0.289 4.434 2.384 0.597 0.902 0.3   0.298 0.298 0.299 1.99
 0.325 1.804 0.901 0.299 0.299 0.611 0.306 2.174 1.564 0.627 0.313 0.313
 2.631 1.616 1.263 0.314 0.627 0.313 2.311 1.289 0.628 2.523 0.625 0.926
 0.928 0.31  0.308 0.837 1.211 1.663 0.926 1.217 0.304 1.218 0.604 0.304
 0.403 0.412 0.744 0.676 0.928 0.915 0.613 0.307 3.232 1.232 1.193 0.296
 0.296 0.293 5.066 0.614 1.497 0.89  0.592 0.295 0.295 0.294 2.687 3.081
 0.887 0.585 1.175 0.588 0.294 0.298 3.133 3.459 1.51  0.908 0.909 0.604
 0.606 0.302 0.817 1.414 2.229 1.265 0.626 0.31  0.418 3.209 2.813 1.208
 0.896 0.606 0.303 0.301 4.982 1.229 0.603 0.604 0.61  0.306 0.307 0.615
 0.308 0.309 2.365 2.893 2.71  1.215 1.206 0.302 0.303 0.305 0.784 1.029
 0.648 0.633 0.62  0.611 0.303 0.304 5.317 0.604 0.609 0.302 1.496 0.89
 0.296 0.293 2.11  0.6   1.202 0.6   0.3   1.53  3.407 2.375 0.295 0.597
 0.299 0.597 0.3   1.757 1.273 0.884 0.292 0.294 0.293 1.224 5.055 2.478
 0.616 1.224 0.609 0.306 4.885 2.166 1.227 0.913 0.303 0.302 0.44  5.066
 2.067 1.462 0.292 0.587 0.584 0.291 0.292 3.438 2.214 1.534 0.912 0.92
 0.615 0.306 2.535 0.315 1.24  0.308 0.308 0.308 3.873 2.696 0.887 1.197
 0.297 0.297 0.298 5.165 1.868 0.618 1.231 0.307 0.306 0.308 3.329 0.618
 1.486 1.438 1.177 0.886 0.295 0.292 1.682 0.389 1.353 0.645 0.323 0.942
 1.845 1.25  0.933 0.311 0.312 6.052 0.95  0.63  0.945 1.242 0.932 0.312
 0.312 0.309 1.169 2.207 0.866 1.756 0.877 0.296 0.297 0.3   2.982 3.998
 0.606 0.607 1.033 0.903 0.606 0.301 0.3   5.125 1.788 1.491 0.298 0.298
 0.299 0.298 5.523 1.795 1.793 1.187 0.297 0.297 0.295 4.073 1.795 1.475
 0.584 0.888 0.297 0.296 1.941 1.925 1.558 0.31  0.616 0.306 1.512 0.613
 0.308 0.305 0.305 2.287 0.654 0.315 1.569 0.633 0.315 0.622 0.311 0.431
 1.223 3.633 0.307 1.224 0.307 2.107 1.187 0.594 0.298 2.703 2.169 1.531
 0.915 0.304 0.305 0.305 5.033 1.741 1.741 0.575 0.288 0.859 0.287 0.288
 5.333 0.305 0.607 2.656 0.586 0.294 0.873 0.291 0.293 5.685 1.211 1.527
 0.609 1.219 0.607 0.303 0.304 2.712 0.951 1.217 0.602 0.904 0.301 0.3
 0.602 0.302 0.301 0.79  3.837 0.297 0.593 1.178 0.589 0.298 0.296]",[ 0.56452545  0.9705465   0.76563506 20.61789446],1748572863,,False,1,6df61_00033,2025-05-30_10-41-03,375.7401690483093,375.7401690483093,3725238,ubuntu-vGPU-01,10.11.27.88,375.7401690483093,1
25.465,"[ 4.439  5.499  8.072  5.545  2.179  0.817  0.818  9.318  0.864  0.838
  3.88   1.542  1.51   1.628  1.556  1.573  0.786 12.457  4.094  6.385
  1.677  0.834  0.83   1.34   7.88   4.033  3.4    1.676  1.654  0.821
  1.57   0.811 16.723  3.144  0.833  6.473  0.824  1.268  3.967  1.632
  0.804  0.802 12.654  3.557  2.1    8.156  4.048  2.364  1.651  0.794
  0.809  4.594 10.841  3.389  1.667  0.828  2.269  1.332  0.831  0.832
  6.252 14.529  8.446  0.824  3.865  1.692  1.312  0.828 10.393  3.61
  3.092  2.561  1.69   3.739  0.815  2.468  1.3    0.806  0.809 14.39
  1.936  4.118  6.017  2.124  4.122  0.811  0.805  0.816  0.812  0.809
 18.609  8.099  4.821  0.794  1.61   1.536  0.804 12.143 10.51   1.567
  2.353  3.128  0.783  0.792  0.794  7.574  7.784 12.562  0.811  4.059
  2.438  1.4    0.817  0.817  0.99  12.429  5.715  3.84   1.524  1.638
  0.808  0.807 15.193  2.284 11.145  0.86   3.488  2.515  0.826  0.821
  0.83   7.443  2.034  1.712  1.602  1.629  0.807  0.819  2.842  3.08
  2.394  2.287  2.363  1.646  0.821  0.829  3.01  14.139  1.614  4.092
  0.802  2.405  1.663  0.803  0.806  8.401  1.614  5.15   2.596  1.723
  0.836  0.858 14.476  5.083  3.222  4.412  2.568  1.238  0.855  4.793
 11.285  8.991  0.809  2.469  1.617  1.637  0.818  0.817  8.321 10.621
  4.04   2.425  2.358  0.792  0.785  0.782  9.817  9.939  0.799  4.032
  3.26   1.687  0.788  0.785 18.287  7.869  3.831  1.62   1.233  0.808
  9.015  3.317  1.518  0.765  3.524  7.198 14.507  7.412  0.813  2.443
  0.813  0.813  1.698  5.776  8.704  3.119  0.808  1.447  0.81   0.801
  0.814  9.293  3.177  6.512  1.497 10.485  2.271  1.584  2.277  1.477
  0.757  0.761  9.192  0.809  4.386  1.572  2.318  0.766  0.84   5.772
  1.716  3.112  1.54   0.783  0.768  6.17  12.428  3.371  4.13   1.246
  1.613  0.804  1.691  0.809  0.803 13.714  0.764  1.554  4.666  1.532
  0.768  0.771  5.75   2.884  2.666  1.502  4.076  2.522  0.821  0.82
  0.82   6.856 11.497  2.188  4.825  1.579  0.791  0.79   0.797 14.315
  3.963  3.111  0.798  2.346  0.812  8.889  5.35   2.621  1.654  0.806
  3.246  1.641  1.599  0.798  1.397  4.647  6.682  9.114  4.533  3.117
  1.519  1.531  1.634 16.711  8.116  4.621  1.601  0.805  7.401  0.775
  3.8    1.509  0.773  1.788  6.226 12.006  7.357  3.929  1.6    2.813
  1.408  1.212 20.724  2.524  4.908  1.62   1.628  2.892  0.81   0.804
 13.345  6.898  4.422  1.638  1.625 13.34   2.955  1.593  3.153  1.556
  1.458  0.8    0.794 11.413  5.248 10.869  6.168  1.636  1.548  1.64
  0.832  5.7    1.563  1.366 12.158  5.383  2.913  1.609  0.804  8.25
  4.321  2.432  0.811  0.794  4.385  8.847  3.695  1.637  0.815  0.808
  4.671  9.551  0.849  6.526  0.808  3.196  1.523  0.788  8.64   7.119
  6.512  0.794  2.288  3.042  1.477  0.782  0.781  2.763  3.802  3.875
  1.492  0.773  0.749 17.278  0.866  3.416  4.034  0.987  0.798  0.794
  2.517  0.8    0.818  7.048  3.995 10.418  2.502  3.843  3.225  0.796
  3.128  1.624  0.8    1.541  1.741  9.959 10.847  2.358  0.766  2.4
  2.997  2.375  0.768  7.407  1.612  0.849  4.13   1.599  0.78   1.653
  7.58   3.918  3.296  0.797  5.273  2.341  1.486  0.905 11.602  1.648
  4.046  2.567  3.333  0.782  0.782  4.415  3.237  0.993  4.591  0.822
  2.355  2.881  0.79   1.421  9.93   4.163  2.298  1.648  2.31   0.988
 11.029 12.878  2.465  2.389  3.143  2.322  1.54   1.54   1.409  7.378
  4.261  2.882  1.491  0.746  3.2   18.356  3.159  3.135  2.45   2.324
  0.77   0.778  9.87   0.812  3.042  2.377  2.245  0.78   0.778  6.178
  5.386  3.999  7.055  2.421  1.556  0.785  0.794  0.799  7.201  3.637
  1.602  0.815  0.803  8.31   0.807  2.581  0.863  0.863  0.864  0.861
 19.619  3.182  6.362  3.953  2.224  0.788  0.796 10.351  9.398  5.504
  1.581  0.783  1.579  0.782  4.318 14.741  5.71   3.286  1.606  0.825
  0.83   0.816  6.951  5.091  3.357  1.625  1.619  0.853  6.361  0.853
  5.706  4.774  3.058  1.527  1.443  0.756 10.093  1.4    4.982  1.285
  1.582  0.776  9.139  6.241  1.686  0.788  1.583  0.811  4.057  0.962
  1.579  2.313  0.807  5.232  0.899  2.43   2.445  1.716  0.813  1.209
  0.807  7.865  3.403  0.931  1.833  1.628  4.025  1.571  1.544  1.532
  0.787 10.828  6.455  2.327  2.245  0.761  1.573  0.763 11.068  6.24
  1.573  2.454  4.693  2.301  2.054  1.571  0.785  1.499  7.98   7.492
  3.595  0.898  0.887  1.032  9.504  2.868  1.565  1.604  3.139  1.549
  0.812  8.773  7.389  4.827  0.943  4.677  2.356  1.653  1.57   1.643
  9.784  8.128  1.555  2.851  0.704  0.719  0.722  7.706  7.806  2.453
  0.796  0.797  1.594  1.596  2.307  1.604 10.268  4.729  1.678  1.532
  1.551  0.772 12.848 10.507  4.836  3.789  1.504  0.755  2.332  0.785
  8.796  0.867  0.858  3.096  3.091  2.178  3.835  0.753  1.503  0.754
 15.401  5.341  3.447  2.408  0.8    1.734  0.789  2.758  7.325  5.897
  2.377  0.786  0.781  1.595  2.452  2.752  4.385  1.616  1.304  0.819
  0.813  3.414 13.472  9.894  3.28   0.814  2.408  0.8    1.612  0.801
 15.744  8.791  3.893  0.806  1.623  0.789  0.784  6.311  5.088  1.591
  0.788  3.15   1.555  0.78   0.788 18.301  8.052  3.302  2.613  1.677
  0.832 20.58   3.387  1.819  0.835  2.442  3.353  0.818  0.816  1.439
  0.813  0.82   8.267 11.896  1.619  3.235  3.906  1.553  0.792  0.791
  0.78   0.794  0.796 12.407  5.775  0.833  1.633  2.408  0.808  0.807
  8.828  7.177  2.998  2.475  2.354  0.793  0.79   4.366  7.127  2.605
  3.23   1.59   0.803  9.116  1.721  1.874  4.658  1.669  0.828  1.401
  0.828 10.733  2.506  2.593  1.622  0.807  0.817  3.107 14.82   0.769
  5.647  2.412  1.604  1.594  1.652 10.994  3.044  0.777  2.498  0.787
  0.791  0.787]",[ 0.56824088  0.98200228  0.75674776 21.76454327],1748573227,,False,2,6df61_00033,2025-05-30_10-47-07,364.1353290081024,739.8754980564117,3725238,ubuntu-vGPU-01,10.11.27.88,739.8754980564117,2
25.171,"[29.4   12.564  2.199  6.574  1.081  1.094  1.377 24.386  9.303  1.46
  5.633  5.737  2.134  1.06   1.104  1.06   5.353  4.984 18.69   9.055
  4.208  2.089  1.226 13.308  5.332  2.049  1.023 21.45   9.008  8.18
  3.205  1.058  1.114  1.058  7.346  4.593 22.127 10.288  5.48   3.483
  1.053  1.065 19.136  5.652  1.484  7.626  5.011  1.989  1.026 18.635
 11.363  8.957  6.449  2.428  2.681  1.491 11.115  9.242  0.973  0.971
  3.561  0.988  0.99   0.984 12.154  1.068  6.262  3.962  1.07   1.068
 13.478 13.072  3.439  3.022  2.056  1.005  1.057 19.562  9.146  1.033
  1.01   2.097  1.419  2.072  2.923  1.005  1.019  1.279  1.925 21.441
  3.462  2.294  4.148  3.387  2.369  1.414  7.315 17.366  8.063  3.639
  2.     3.036  2.637  2.839  4.63   6.851  4.113  1.034  2.294  1.01
  2.044 18.957  2.78   7.906  3.477  4.1    2.369  1.404 14.499  6.546
  1.023  2.075  1.244  3.553  0.984  1.009 17.735  8.001  6.628  5.08
  1.371  1.071  5.94  12.399  1.15   4.131  2.293  1.074 20.5    8.135
  1.52   3.322  2.913  1.03   1.026 10.405  8.014  3.739  2.57   1.07
  4.96   6.928  7.811  2.399  1.972  0.985 17.503  6.088  1.094  5.801
  2.432  1.042  2.776  5.431  6.315  1.37   1.018  2.812  3.456  1.005
  1.001 15.248 13.249  7.123  2.185  2.903  1.049  1.048  1.039 17.995
 10.219  2.294  1.103  1.106  3.428  1.517  3.474  1.09   1.086  1.084
  7.679  4.792 19.232  8.295 10.115  4.205  2.061  2.732  2.804 22.889
  2.607  7.74   5.301  6.059  1.068  1.083  1.066  1.06  11.121  2.424
  4.969  1.01   1.28   2.773  1.009  8.557  5.655  3.615  2.008  0.997
  1.996 13.856  1.414  7.546  8.308  2.13   2.232  2.061  1.036  1.095
 16.653  8.311  7.625  3.902  1.07   3.837  1.066 20.991 15.041  9.629
  3.419  1.053  1.29   1.265  1.051 20.742 10.953  6.145  7.752  2.377
  1.064  2.129  2.108  3.673  1.062  1.071 10.024  2.769  5.823  1.106
  1.08   2.071  1.058 13.046  6.198  2.332  1.976  1.001 16.391  6.828
 12.594  6.384  3.224  2.1    1.048  2.804  1.053  7.111  7.75   1.001
  2.46   1.21   3.912  1.002 15.17  11.129  2.39   6.838  4.118  2.47
  2.105  1.045  1.044  2.024  9.578  4.572  3.165  1.054  1.328  8.635
 11.501 11.733 10.191  5.807  4.178  1.082  1.048 15.702  5.564  2.093
  2.411  1.088  1.02   4.439  4.078  2.595  1.089  2.399  2.125  1.35
  2.056  1.041  1.035 13.899 18.105  4.301  6.549  1.01   4.316  1.008
  1.031  1.043 17.102  4.565  6.07   1.024  1.399  4.962  1.018  1.057
 17.566 20.674  8.056  2.513  5.21   1.081  1.082  2.804  2.66   2.933
 11.955  8.164  7.517  6.81   2.075  2.896  1.048  5.429 18.333  2.755
  1.026  3.255  1.033  7.668  2.078  2.359  1.028 29.508 12.815  6.063
  1.069  7.856  1.41   1.042  1.48   7.285  9.41   2.418  2.089  1.
  1.265  2.079  1.009  2.058  1.372  2.259  4.208  4.71   2.049  1.002
  2.001  0.996  0.998  1.012 28.829  3.345  7.307  4.332  3.658  1.014
  2.486 14.637  2.434  3.137  1.984  1.985  5.585  1.974  1.304  0.999
 15.688  1.276 18.462  3.067  6.488  2.054  2.036  1.01   1.013 12.687
 22.423  2.146  9.039  1.034  1.079  1.031  3.529  1.018  1.034  1.378
 13.901  4.386 14.194  3.229  5.524  4.86   2.094  1.059 25.348 13.068
  4.06   2.011  2.34   2.943  1.079  1.06   1.03   5.947 26.838  9.059
  7.061  1.043  2.852  1.085  1.042  1.032 17.249  3.663  6.815  1.027
  1.017  1.855  1.015  2.052  1.008  2.778 11.344  6.173  9.595  2.963
  2.14   1.25   2.953  1.257  1.196  8.517  4.683  7.127  1.014  2.044
  1.009 25.527  1.307  8.769  8.575  4.147  3.514  3.806  0.994  1.068
  9.425  8.371  8.466  3.121  2.999  3.531  4.748  1.007  2.436 12.609
  4.976 11.105  9.071  4.26   1.055  2.628  1.048  1.096  2.036  8.749
  9.439  3.818  2.058  1.022 10.312  4.491 10.487  5.252  3.27   3.955
  1.048  1.052 10.435  6.805  1.235  6.86   3.541  1.359  4.285  2.207
  1.12   1.098 12.015  8.507  3.509  1.031  1.015 17.433  3.186  7.948
  5.66   4.724  1.056  1.061  1.347 23.79  12.888 14.885  2.296  1.043
  2.732  2.063  1.055  1.041 15.175 11.849 13.018  2.132  1.068  4.472
  6.127  4.004  1.369  1.029 14.609  7.724  9.524  2.383  2.409  1.076
  1.076 25.744 15.685  5.032  3.074  2.047  1.473  1.032  2.979 10.123
 16.728  2.125  4.051  2.034  2.754  6.004  2.928  0.992  0.98   7.388
 17.687  4.587  3.682  3.228  2.719  1.313 16.847 13.691  3.301 12.406
  4.124  4.856  3.93   1.081  1.028  1.464  8.54   6.489  2.058  1.032
  2.017  1.02  19.678  2.997  1.944  4.284  2.425  1.874  1.022 16.022
 12.044  2.079  3.423  2.047  1.035 26.931 11.385  2.111  4.007  4.497
  4.032  1.021  0.995  1.321  5.246 16.13   8.419  7.216  1.277  3.059
  1.035 11.145  1.423  3.574  2.942  3.274  1.09   1.077 19.72  14.127
  5.763  3.752  2.066  1.018  1.019 12.89   9.507  1.027  7.033  3.424
  2.708  2.054  1.008 20.464  9.914  3.601  4.171  0.99   3.644  2.016
  1.006 18.17  15.198  3.02   5.811  5.863  1.029  1.05   2.454  1.028
  1.062 16.39  16.037  2.394  2.223  3.229  1.985  1.184  2.748 22.915
  9.81   4.47   1.989  3.911  1.061  1.001  1.059 18.658  2.516  1.033
  2.073  5.014  2.25   2.002  1.318 12.594  3.418  1.364 12.348 10.872
  2.114  1.021  3.928  1.061 19.703  3.683  8.863  1.082  5.637  1.334
  2.113  1.322  5.018  2.563  6.903  8.965  1.875  1.927  0.952  0.972
 20.305  3.139  2.283  1.961 10.701  1.022  3.921  3.353  2.032  1.208
  6.847  9.098  2.202  1.115  3.268  1.077  9.835  7.626  5.34   6.344
  8.715  5.117  1.07   1.078 13.269 14.4    5.161  1.145  4.682  5.491
  2.162  1.085  1.078 10.986  3.337  3.549  3.296  1.014  1.011  1.324
 16.773 13.652  6.522  3.608  1.314  2.48   1.083  1.097 16.957  5.262
  3.315  1.083  3.267  3.216  1.086  1.08  13.796  1.252  8.966  3.306
  1.083  1.084  1.109]",[ 0.56815034  0.97844507  0.75650636 22.04365039],1748573602,,False,3,6df61_00033,2025-05-30_10-53-22,374.5555281639099,1114.4310262203217,3725238,ubuntu-vGPU-01,10.11.27.88,1114.4310262203217,3
24.373,"[11.009  1.24   5.665  1.684  1.303  0.815  3.032  8.373 12.253  1.858
  2.654  4.01   0.889  6.367  3.978  0.82   0.864  8.382  5.87   4.932
  1.69   1.111  1.898  1.62   0.817  0.815  5.626  5.122 11.181  9.011
  2.024  0.788  1.607  0.811  1.231 23.941  3.63   9.654  2.717  1.947
  2.881  3.055  0.809  2.114  0.812  5.104  8.603  7.504  6.583  2.755
  1.623  0.814  5.623 14.288 13.933  1.26   2.48   4.223  2.355  1.645
  1.26  15.667  5.867  1.743  1.705  1.697  0.913  2.848  7.53   1.241
  8.493  0.861  1.63   4.794  1.226  0.813 15.867  2.028  3.436  4.154
  5.235  0.83   2.078  0.833  0.827 11.237  4.385  2.243  0.891  4.391
  1.743  2.217  0.871  2.447 13.746  0.866  3.595  0.856  2.533  1.105
  0.862 12.396  1.334  6.176  1.779  0.893 15.71  12.552 11.353  0.854
  4.39   4.538  5.978  0.858  3.19   0.86   0.857 26.365 10.906  9.885
  4.1    0.81   3.038  0.818  3.016 17.816  0.898  0.91   0.875  4.606
  3.952  0.838  0.837 17.686  9.126  9.378  6.928  3.719  0.841  0.84
  0.833  9.301  4.653  6.759  0.829  1.634  3.011 11.45   3.668  0.805
  0.788  0.797  0.815 11.711  4.219  1.041  0.815  1.594  0.858 12.488
  5.662  1.714  1.723  0.854  0.856 20.52  17.171  6.482  1.674  7.664
  0.817  0.81   0.815 13.646  5.664  3.131  5.23   2.537  0.816  0.849
 24.029  4.485  3.67   1.64   5.528  1.57   1.168  0.791  8.742 25.882
 12.195  7.522  0.851  1.242  0.855  2.895 20.1   14.819  3.202  6.252
  0.797  3.062  0.801  0.799 13.205  4.499  5.802  3.688  0.792  0.791
 10.262  7.472 14.551  3.948  4.094  4.228  5.459  3.967  1.893  0.808
 12.222  2.451  8.675  3.811  3.061  4.969  0.845  2.534  1.12  11.746
  4.91   4.629  0.859  0.848  3.004  7.936  4.805  1.656  1.615  0.806
  0.81  19.179  2.624  0.857  4.741  1.691  1.67   2.417  1.142  2.84
  6.946  2.024  1.826  3.268  0.866  0.862  0.853  0.85  12.163  8.527
  5.173  2.353  2.733  0.782  8.788  6.494  3.582  2.762  0.802  0.799
  8.749 10.21   0.911  5.981  0.837  1.626  3.946  0.801  2.834 18.18
  8.788  9.875  1.551  0.795  1.552  0.774 16.976 10.499  3.34   9.563
  2.41   1.679  0.834  2.76  10.534  6.463  5.159  1.873  2.758  0.794
  0.82  26.996 11.198  0.793  0.795  5.494  4.274  0.823  0.867 22.265
  3.363  7.776  5.263  4.083  2.42   0.868  0.863  5.181 22.285  2.921
  0.896  4.816  0.881  0.881  1.726  0.871  1.736  0.866  0.854  0.857
 11.913  3.029  4.001  3.987  3.132  2.169  0.848  1.669  0.833  0.853
 20.434 11.508  0.844  3.276  3.582  0.834  0.827  0.829 13.738  4.37
  5.88   4.505  1.607  0.808  0.808 15.806  5.195  3.447  3.47   0.872
  0.863 23.474  4.895  1.115 14.765  5.02   1.646  3.071  2.996  0.837
  7.228 10.409  5.591  1.615  0.806  0.802  2.589  9.835  1.281  3.763
  2.651  1.719  1.15  21.562  0.838  7.289  4.631  0.796  0.808 22.553
  3.913  5.281  5.33   0.839  0.836  0.842  0.831  0.826 20.168  2.497
  3.028  8.374  3.291  2.7    1.148  1.29   9.04   2.274  2.845  0.819
  1.062  0.802  0.806  0.8    0.786  8.531 10.159  2.564  6.172  3.505
  2.113  0.819  0.825  0.823  8.594  6.617  1.664  2.662  2.048  0.819
 21.318  7.627  2.456  1.987  0.804  7.332  1.213  2.343  3.496  1.539
  1.589  2.645  0.792 11.779  1.112  3.607  0.83   0.823  2.161 22.458
  6.198  4.877  6.631  3.523  2.797  0.815  0.821 18.709  2.969  4.582
  0.845  5.037  0.823  0.832  0.828  1.134 19.328  8.386  7.525  4.613
  2.009  0.87   5.709  2.313  0.865  1.7    0.846  1.288  7.711 17.63
  9.866  3.645  2.136  0.827  0.829 17.67   3.145  9.513  2.126  0.872
  0.834  0.82   0.82   1.255  0.81   2.855 10.287  3.2    0.76   0.765
  0.77   2.784  5.039  1.29   9.901  4.526  0.867  1.198 12.729  6.733
  0.85   4.012  0.835  0.822  2.174  0.802 22.121  3.064  1.251  8.607
  1.778  5.1    2.559  1.767  1.694  2.862  1.236  0.847 13.461 11.821
  9.294  6.346  1.818  0.796  0.811  9.643  6.054  1.135  4.287  0.87
  5.404  5.52   3.073  0.817  0.825  7.825 11.802  4.414  1.649  1.633
  1.138  0.808  0.813 12.401  6.403 15.207  3.392  3.904  0.851  2.761
  2.532  0.833  2.197  0.875 13.859  7.566  0.832  4.343  3.199  2.815
  9.894  7.988  1.705  1.68   3.909  0.834 15.482  9.872  3.34   4.628
  2.103  0.869  3.296  4.064  0.855  1.116  0.826  0.823 22.585 12.151
  4.979  8.595  3.64   3.504  1.747  0.878 12.432 12.118 12.909  3.612
  3.583  0.785  0.784  0.788 24.72   7.423  6.767  3.601  1.617  3.149
  1.962  1.612  0.814 10.667  9.983  5.696  0.818  6.477  2.922  0.804
  0.797  0.806 23.056  8.768  5.037  2.486  0.835  0.835  9.447  2.305
  3.675  0.81   0.82   0.811  0.825 13.631  3.278  1.825  0.903  0.894
  5.985 27.939  6.964  2.53   2.999  0.85   0.853 22.699 14.12   6.299
  0.813  3.203  1.973  1.881  0.827  0.826 16.495  8.659  6.194  4.482
  2.594  2.021  0.825 21.241  4.86   3.015  4.2    6.517  3.41   1.094
 20.025  6.604  4.071  0.856  1.144  0.851  9.749  2.225  5.258  0.773
  0.802  0.777  1.553  2.594  0.763 23.578  1.074  1.99   8.     4.878
  0.828  2.229  1.895  0.821 17.718  7.591  5.552  3.842  1.928  1.602
  0.794  0.787 16.858  5.355  1.621  2.27   0.802  0.813  0.811 13.451
  4.925  2.036  5.628  0.814  3.345  0.827 13.947  8.016  2.625  1.782
  0.866  0.867 21.704  8.606  2.031  2.509  3.069  0.832 10.536  4.115
 12.311  1.225  1.219  1.274  1.689  4.881  0.835  0.83   0.832  0.825
  3.068 11.848  2.636  6.217  1.331  1.19  11.308 19.319  0.924  7.267
  1.722  3.016  5.14   2.795  0.826 16.174 16.828  4.736  1.715  4.107
  0.845  0.85  10.14   3.084  9.004  0.842  1.691  1.295  0.836 10.306
  5.898  2.093  1.784  0.882  2.745 14.813  3.366  6.791  2.08   9.443
  3.082  3.974  0.896  0.897  0.892  3.082  1.347  0.884]",[ 0.57793458  0.98188251  0.75370764 21.7768723 ],1748573967,,False,4,6df61_00033,2025-05-30_10-59-27,364.9763333797455,1479.4073596000671,3725238,ubuntu-vGPU-01,10.11.27.88,1479.4073596000671,4
25.521,"[29.537  6.073  5.063  5.37   2.208  0.732  1.103  0.727  6.401 15.829
 10.142  1.54   4.491  0.733  0.731  3.282  0.729 26.125  7.407  2.716
  0.759  1.516  2.748  0.758  1.174  0.749  0.745  0.736 25.169  7.215
  4.063  7.52   4.868  0.757  1.452  0.719  1.187 29.084 10.486  0.776
  3.795  1.511  0.754  1.515  1.216 15.743 11.068  1.382  0.688  1.364
  0.683  0.684  2.905  0.695  0.704 15.291  3.988  1.481  5.723  3.138
  2.166  0.715  1.127  6.314 11.182  7.906  3.085  1.52   1.188 11.256
  1.602  3.527  0.782  0.772  0.767  2.77   6.323 17.601  0.729  4.65
  1.421  0.71   0.712  0.709  0.708 10.572 15.569  1.884  5.212  7.444
  3.697  0.746  0.741  4.88   6.94   2.697  2.332  1.536  0.774 17.353
  7.298  4.572  9.762  5.331  4.81   0.748  0.741  0.735 19.256  1.142
  4.011  5.035  2.737  0.735  0.732  0.725  2.905 14.044  6.178  2.812
  7.703  6.989  4.392  1.425  5.934  0.71   0.712 16.464  4.632  1.476
  2.63   1.417  0.712 19.35   7.929  5.619  1.851  0.766  1.517  0.749
  0.752  1.528  0.759 13.595 10.602 10.846  1.498  4.165  3.382  3.464
  0.766  0.724 18.321  5.757 11.84   6.38   2.866  1.527  2.236  1.856
  0.722  0.995  0.722  2.922 22.16   5.83   2.831  2.663  0.71   0.717
 27.14  10.377  3.899  0.778  1.617  3.041 19.368 17.173  5.331  4.805
  1.505  0.752  3.302 16.605  4.343  0.731  1.447  1.524  0.797  0.727
  9.164  3.681  5.063  0.671  3.069  3.746  3.034 15.875 10.393  7.955
  4.367  2.617  1.844  3.556  1.175  0.763 15.836  2.452  3.032  0.74
  0.732  1.485  0.725 18.927 12.453  4.593  2.041  0.734  0.748  0.742
  3.302 12.344  3.151  2.573  3.012  0.685  1.174  3.033 14.024 16.876
  6.057  8.48   0.708  4.593  1.729  0.708  2.264 11.692 26.063  5.392
  2.249  2.015  1.193  0.748  1.191  3.27  10.185 16.149 12.142  7.538
  4.373  1.002  3.258  0.728 15.872  1.48   0.707  3.174  1.364  0.689
 17.878  5.603  1.114  6.617  8.303  7.014  1.236  0.734  2.726  3.25
  0.726  0.731 13.733  5.398  8.456  1.403  1.407  1.42   0.969  0.724
  1.429  0.715  0.709 12.296  3.522  0.72   0.722  0.794  0.736 18.97
  7.738  5.043  3.45   0.752  0.752  0.749  3.165 12.623 10.763  6.03
  3.975  3.202  0.735  2.923  2.323  0.725  6.636 13.41   5.552  7.601
  2.643  4.705  1.412  0.733  0.719  0.716  0.713 22.907  4.726  5.393
  3.524  4.299  0.72   1.437  0.715  5.971 12.265  2.039  4.136  0.738
  3.071  0.718  0.982  1.465  2.605 24.788 11.198 12.226  3.415  2.245
  0.744  1.472  0.742 12.847 10.756  3.749  0.762  0.768  0.765 12.12
 22.563  1.453  6.877  3.501  0.733  0.73   0.722  0.729 10.45  10.127
  1.72   1.959  1.427  0.708  2.146  8.64   2.432  1.796  5.341  0.743
  3.491  0.747 10.171  6.164  4.316  1.519  0.754  0.744  9.701 16.519
  7.591  7.962 11.327  1.462  0.732  1.146  1.461  3.207  0.738 19.856
 12.406  3.219  0.793  6.991  6.877  0.747  1.485  0.743  3.312 16.253
  3.245  0.777  7.404  3.283  3.372  1.137  2.776 19.263 14.132  3.019
  2.998  0.728  0.723  0.725  7.069  7.134  3.711  0.762  2.241  0.76
  8.693 11.389  2.187  2.855  1.954  3.934  0.732  5.416 12.008  2.823
  2.467  2.192  0.725  0.726  3.364  8.673  8.456  2.311 11.228  5.136
  4.455  4.141  1.532  0.767 24.384 10.215  3.021  0.764  0.738  2.254
  1.468  0.736  6.199 16.218  6.282  3.169  2.276  0.745  0.747 18.555
  4.178  2.3    7.4    3.966  0.7    1.429  3.322  0.703  3.182  2.84
 20.458  6.718  6.172  3.222  1.04   3.878  1.777  0.752  0.756 24.668
  5.558  6.305  3.12   1.858  1.387  0.734  0.699 26.476  7.395  2.874
  4.347  2.193  1.025  1.107  0.729 29.864  7.512  8.445  2.096  1.404
  0.706  2.992 12.943  4.329 11.962  1.887  0.754  3.238  1.438  0.716
  2.868  8.263 16.124  2.473  3.586  2.293  1.926  0.716  8.328  3.439
  7.678  1.494  0.75   0.74   5.536  7.144  3.475  6.543  2.186  1.448
  0.721 11.89   1.795  3.133  2.153  0.711  0.703 20.561 14.314  5.143
  0.771  1.535  3.795  2.445  1.173  1.507  1.495  0.75  14.998  2.99
  3.332  3.006  0.737  1.922  0.73   1.478  0.741  9.208  2.245  2.22
  1.145  0.804  0.794  3.612  1.129  1.86   2.682 21.885  8.36   4.424
  0.732  0.728  1.083  1.443  2.117  5.97   2.186  8.34   7.673  3.018
  0.727  2.663  1.46   0.736 26.381  9.692  0.731  1.861  1.483  0.745
  0.745 20.907  6.716 12.595  5.616  1.085  2.174  0.728  1.452  0.727
  0.728  0.73   8.476 14.471  6.186  0.721  2.15   0.712  0.716 12.567
  6.737  6.104  3.917  0.718  0.724 11.152  3.138  0.699  1.742  2.312
 11.076  7.46   2.166  0.727  0.719  8.103  7.473 16.04   3.929  1.398
  6.561  1.95   1.793  2.13   8.414 15.321 15.419  1.499  5.273  1.449
  0.726  2.897  2.658 10.087  1.353  8.159  4.148  1.511  1.51   0.775
  0.746 20.297  5.09   4.24   1.879  3.608  2.921  0.726 13.21   6.323
  0.758  1.223  3.87   1.43   0.72  11.598  0.772  1.555  1.481  1.52
  0.733  0.749 25.072  8.798  3.455  0.78   0.777  2.65   0.774  3.268
  3.147 13.779  6.816  1.919  1.921  2.298  5.431  1.517  0.764 30.349
  7.862  6.137  2.019  3.045  4.051  0.753 12.821 11.362  1.472  1.503
  1.504  0.75  17.399  4.755  7.926  3.23   2.645  2.628  3.241  1.509
  0.747  9.014 18.035  9.682  4.621  5.729  3.848  0.713  1.431  1.097
 11.188  2.076  8.475  1.839  7.852  0.763  1.557  0.775  0.78   0.781
 13.427  2.136  0.686  1.482  0.729 15.112  6.178  9.763  2.657  4.123
  0.767  2.741 23.997 13.22   2.182  5.87   2.989  0.727  3.125 12.705
  0.787  2.306  1.499  0.755  3.146 11.742  4.233  2.927  0.75   0.741
  2.24   1.461  0.732  0.733  0.743  9.775  5.16   1.469  1.042  2.822
  1.132  0.766  8.474 15.532  5.012  2.583  2.308  0.774  0.759 16.614
 10.265  4.348  2.302  0.773  0.766 14.803  5.106  5.221  1.127  3.964
  0.773 17.482  4.585 17.159  1.493  1.459  5.998  1.95   0.74   1.488
  1.229]",[ 0.58361899  0.98059654  0.74972918 22.19873776],1748574342,,False,5,6df61_00033,2025-05-30_11-05-42,375.52880787849426,1854.9361674785614,3725238,ubuntu-vGPU-01,10.11.27.88,1854.9361674785614,5
25.69,"[ 7.229 31.097  8.562 10.16   0.729  1.463  0.727  0.732  7.409 22.081
  9.874  2.171  1.879  4.104  4.591  0.703  0.701  6.288 12.518 11.037
  3.657  1.458  0.727  0.729  1.144 13.3    3.589  0.738  0.784  1.177
  0.762  2.887  0.786 31.424  7.143  0.723  7.429  0.727  1.446  3.813
  4.202 10.1   13.851  0.745 10.454  3.739  0.736  0.739  2.888  1.078
  1.215 18.765  5.05   1.543  6.104  5.251  0.743 22.994  8.154 19.474
  5.262  0.772  5.919  3.564  0.772  0.78  14.567  3.363  0.732  0.737
  0.715 17.396  8.571  0.79   3.029  4.484  2.282  1.975  3.172 15.755
 12.28   8.359  5.658  0.718  0.724  0.717  0.716 15.021 23.415  9.008
  4.537  6.366  4.394  3.637 14.247 26.077 15.218  2.252  2.185  0.744
  3.835 14.762  7.243  8.902  7.638  1.121  2.306  0.777  1.457  2.178
  2.591  0.718  0.708 30.807  5.755  4.413  2.731  9.754  0.736  3.196
  0.734 22.669 12.718 13.     8.789  6.92   1.419  2.072  3.125 19.82
 14.733  4.555  6.066  2.209  2.992  4.254  1.21  13.559  0.813  0.811
  1.158  2.252  1.892  0.747 17.439  8.619  6.32   6.863  1.424  0.73
  0.716 13.169  3.041  5.171  2.761  0.748  0.734 11.352  3.863 15.72
  6.183  5.992  0.733  3.76   1.487  1.246 24.043  4.007  3.622  1.507
  3.635  2.273  0.763  0.766 16.88   6.848 17.654  7.344  0.748  3.756
  5.412  0.738  1.455  0.769  0.729 18.047  2.379  7.729  0.719  2.173
  0.727  0.732 15.769  4.459  0.795  3.82   1.459  3.617  0.71   3.957
 34.693  6.452 11.108  3.322  1.453  0.728  0.748  9.883  3.205  2.031
  0.673  0.67   0.674 10.342  2.611  5.523  2.222  0.731  0.732 22.83
 14.322  6.403  5.402  0.742  0.735 23.228  2.987  5.122  0.727  0.721
  0.725  0.722 11.711  2.365  1.563  4.338  0.727  0.718  1.258 19.604
  0.788  4.197  1.48   3.188  0.728 26.37   9.311  4.683  5.847  1.497
  4.334  2.236  1.562  3.618 21.695 12.114  4.049  3.983  7.326  1.38
  0.691 25.832 17.416  6.818  7.797  0.772  2.021  3.011  7.568  8.199
  3.033  4.864  3.834  1.444  0.722 16.975  9.718 19.695  3.658  5.388
  2.19   1.45   4.627  0.759  0.732 17.701 12.007  1.457  1.459  0.726
  0.725 14.212  3.975  1.994  3.237  0.737 28.819 13.815  1.561  4.727
  2.92   0.769  1.358 10.272 15.873  7.498  1.465  1.958  1.423  0.724
  0.724 26.127  3.133 16.675  0.708  6.897  0.701  5.073  1.429  0.71
 23.042  5.741 10.094  7.802  5.924  1.442  0.725  0.726  0.722  3.827
  3.491 28.91  11.061  5.389  2.217  4.558  0.735  3.251 12.095  6.811
  5.478  0.791  2.967  3.042  2.284  0.816  1.222 16.438  7.844  6.902
  2.246  0.756  1.084  3.906  0.743 11.999  1.136  5.835  2.585  1.486
  0.752  0.744  0.726  1.073 14.206  2.146  1.458  0.707  0.717  2.878
  1.783  0.722  0.733 21.158  2.961  2.948  5.378  0.704  0.698 18.519
 11.82   3.2    2.231  1.206  2.209  0.74   0.742  1.468  0.736 20.617
  0.725  5.328  0.706  1.411  1.417  0.716 14.407  1.576  3.995  4.546
  0.718  0.728  3.852 14.154  7.723  0.775  1.472  9.218  0.706  1.386
  0.705  7.135 23.442  7.635  1.159  3.667  2.765  2.252  1.141  3.459
 10.96   3.952 10.92   9.18   7.159  4.295  4.303  0.719  0.706 19.168
  2.87   1.442  1.414  4.569  0.715 20.421  6.504  2.392  0.769  0.773
 16.036  2.52   1.418  4.349  1.058  0.713 16.331  5.912  6.78   0.718
  2.19   0.721  0.715  0.717 11.114  3.531  0.755  0.756  1.737  0.703
  0.692  0.699  0.689 10.79  18.797  3.77   5.526  2.272  0.751  0.751
  0.759  0.761 23.943 11.722  4.164  4.597  0.745  1.481  1.48   0.739
 34.913  1.595  3.595  4.085  1.473  1.453  2.248  1.311  3.627 22.014
 13.267  7.891  0.754  3.33   1.339  0.739  2.107  0.728  7.569 16.172
  7.031  4.537  6.814  1.541  3.777  1.477  4.04   0.734 11.693 13.833
  5.435 10.272  7.051  6.23   3.41   4.031  0.787 15.713  3.624  1.507
  0.736 10.224  3.763  3.464  5.017  3.872  1.391  0.69   0.687 29.821
 13.536  4.908  3.137  0.786  0.781  3.27   0.771  0.775 12.487  3.339
  1.408  1.304  1.942  0.653  1.083  8.001  4.164 10.156  2.203  4.581
  1.509  0.827  0.762 16.97   1.258  9.653  5.357  0.747  0.741  0.738
 14.814  8.917  2.106  1.422  0.702  2.414 23.075 15.353  1.505  4.253
  1.493  0.748  7.861 26.521  6.116  6.047  6.821  0.787  0.783  2.063
  1.564  0.782  2.8   33.821  8.599 11.058  1.261  0.745  1.476  1.847
  0.739 25.599  5.102 10.652  0.736  2.162  1.446  1.321  3.826 10.721
  3.557  1.977  0.65   0.667  0.676 27.434  0.77   7.981  3.346  4.736
  0.698  1.413  1.409  0.708  3.985 25.086 12.331  4.37   2.676  0.777
  0.709  0.721  4.002  0.722 13.729  8.77   6.501  0.785  2.294  1.533
  4.794  1.891  0.725  0.719  3.109  3.934 13.696  6.014  1.98   0.709
  0.705 28.377  4.719  4.599  1.506  0.799  5.439  0.751  0.742 23.2
  1.868  3.986  3.222  0.736  1.479  0.743 32.429 11.704  4.597  1.505
  0.745  1.485  0.744  3.83  20.474 14.908  4.892  1.359  0.736  0.734
  0.733 11.699 22.64   7.856  3.669  4.042  5.461  0.698  0.707 21.913
  2.398  1.511  6.141  3.935  1.141  0.708  0.707  3.938  2.658  6.482
  4.667  1.382  0.71   1.439  0.719 15.086 30.047  7.704  2.245  3.931
  2.894  0.746  0.743 18.807  8.834  3.527  0.71   1.554  0.732 10.729
  5.452 16.677  8.157  0.723  2.149  0.765  0.71   0.709  3.029  2.664
  9.339  1.532  1.52   1.524  0.765 32.782  1.502  6.757  3.431  4.698
  2.108  2.749  0.717 24.629 13.613  5.693  3.196  2.747  0.708  0.71
  6.695 10.725 16.113  3.346  4.275  1.456  2.993  0.732 28.895  8.456
  9.053  1.267  2.921  2.262  0.746  3.221  0.747  4.558  3.73  11.496
  2.276  1.438  4.572  0.715  0.713  0.712 14.557 17.5   10.739  3.709
  5.165  2.936  2.292  1.47   0.743 14.953  1.657  2.229  0.743  0.729
  3.623]",[ 0.58239902  0.98049605  0.74903926 22.28938147],1748574719,,False,6,6df61_00033,2025-05-30_11-11-59,376.36467838287354,2231.300845861435,3725238,ubuntu-vGPU-01,10.11.27.88,2231.300845861435,6
24.446,"[10.151 16.169 15.726  3.496  0.641  1.194  4.284  7.591  1.654  0.582
 20.529  3.402 16.246  2.225  1.546  6.776  4.069  0.542  0.548 19.455
 12.461  6.788  3.987  0.562  1.553  0.563  0.558  7.994  2.668  2.427
  7.723  3.575  1.497  0.555  0.56   0.565  2.544  0.572 11.653  9.823
 14.086 12.234  3.403  0.563  4.387  4.372  0.568  3.764  7.368 12.777
  3.404  3.023  0.604  0.587  1.776  0.572  0.572  0.57   3.314  7.61
  3.551  3.494 16.282  8.603  9.419  0.549  1.651  4.555  0.549  0.54
  3.868 10.08   5.774  1.697  1.113  0.56  13.411  7.091  2.915  2.392
  3.665  3.759  0.581  0.575  9.755  4.029  0.634  1.809  0.571  4.039
  0.56   0.558 28.363 13.537  5.416  5.203  0.589  1.066  3.691  0.581
  4.397  0.582 14.433 17.716  2.191  1.231  0.557  0.559  3.855  0.568
  3.793  1.235 27.786  5.167  0.582  7.132  0.571  4.445  0.563  3.827
 14.013  1.262  1.757  2.238  0.547  0.546 10.412 10.189  1.107  0.551
  1.588  0.544 13.37   3.617  4.15   1.118  0.558 19.229  5.386  4.923
  5.556  4.708  0.578  3.674 26.86  12.996  4.731  0.569  1.143  2.942
  0.573  0.57   0.576 18.765  1.71   0.585  1.235  4.658  0.55   0.548
 16.58   3.188 12.882  6.64   0.621  4.058  3.505  0.564 11.748  1.174
  7.83   2.221  2.346  3.213  0.555  1.165  0.562  1.199 15.364 13.848
  8.486  0.575  1.138  3.447  3.431  0.567  0.571 31.737 11.135  6.18
  3.801  0.578  1.24  25.838  2.265 17.966  2.777  1.116  3.824  1.683
  0.557  0.557 14.36   6.176 11.312  1.107  1.629  0.543  0.544 25.59
  6.178  6.189  0.57   1.137  0.566 17.582  1.168  7.261  1.172  0.593
  3.822  1.066  0.578 20.141  5.687  5.119  5.314  3.936  0.554 12.754
  3.514  1.188  0.558  0.564  0.569  1.162  0.574 12.992  1.082  2.315
  0.574  5.015  0.563  0.576 13.39  17.571  7.471  5.727  0.538  1.598
  0.533  1.576  0.529  0.533  0.53  24.701  5.283  0.572  3.28   3.456
  0.533  1.064  1.547  0.536  0.535 20.823  5.602  5.533  0.611  7.533
  1.622  0.547 15.412  6.024  0.594  1.155  0.573 13.431  5.331  1.149
  1.69   0.564  4.699  0.568 15.399  5.728  8.29   0.617  7.401  2.265
  3.225  0.577  2.941 21.857 21.218 11.489  2.928  0.563  0.56   0.56
  0.563 28.991  9.427  0.59   0.593  3.717  1.217  0.593  0.59   3.607
 17.914  7.428  0.549  0.556  1.101  3.581  0.548 15.786  4.493  4.746
  0.599  1.126  0.557  0.555  0.564  1.136  0.563 18.726 11.316  4.846
  2.69   1.662  0.552  1.162  0.559  0.567 23.847  3.708  1.184  0.613
  0.554  0.555  1.643  1.079  1.077  3.203  9.599 23.801  5.763  0.535
  2.665  1.53   0.533  0.532  0.531  0.528  7.386 14.033  2.799  5.398
  1.656  1.243  7.31  10.63   9.991  2.272  5.736  0.553  1.738  0.557
  0.557 17.573  3.492  5.086  1.702  0.55   2.932 13.072  1.617  1.12
  1.127  0.556 29.25   9.92   2.271  1.819  0.564  0.565  3.755  3.08
  8.46   7.137  3.312  3.908  1.104  1.105  1.082  0.553  8.786  1.931
  1.569  0.603  0.561  3.764  0.579  0.58   5.279  2.79   4.738  3.416
  1.677  2.653  0.548 20.701  3.47   7.669  4.394  3.907  3.603  2.212
  0.55   0.55   0.556 11.644  4.11   2.916  4.103  0.557 18.65   7.431
  1.161  0.551  0.543  4.156  3.311 31.541  6.744  9.961  1.683  1.674
  0.553  0.554 18.669  9.466  2.177  1.099  0.548  0.558 18.537 10.383
  1.686  3.921  0.561  3.341 28.773  3.748  2.946 10.145  0.562  0.556
  3.814  3.082  3.546 23.363  9.759  5.062  4.206  0.554  1.114  0.561
  0.979  0.568 23.748  3.766  2.69   0.537  0.536  0.531  0.534  0.54
 28.894  4.382  1.734  5.291  7.845  1.187  0.572  2.982 13.031  1.717
  3.396  1.121  0.564  0.566 10.179  1.098  0.965  7.719  1.149  0.572
  0.564 22.736  7.3    4.622  9.176  8.88   7.474  5.692  3.994  0.549
  3.976  0.547 20.191  4.938  1.678  0.559  0.569  0.567  0.566  3.968
 31.608  2.498  0.621  0.584  1.597  6.79   4.631  4.438  0.578  7.568
 10.005  7.141  7.322  0.564  0.564  0.574  3.689  0.572 26.406  7.451
  0.556  4.525  3.939  0.563  1.127  0.56  17.035 12.322  5.875 13.459
  7.308  4.113  1.131  0.568  3.66   7.551 24.617 10.191  5.042  1.13
  0.569  0.569  0.569 24.186 12.418  0.564  4.823  4.028  0.574  0.566
 17.38   5.954  0.588  2.506  3.389  0.577  0.575  7.706  3.919  3.668
 20.411  6.9    4.479  1.769  1.722  0.574  3.959  0.571 21.101  7.22
  0.612  5.529  0.591  0.584  6.854  3.868  0.584 24.983 13.315  0.584
  5.182  5.018  0.579  0.577  1.149  0.582 11.14  11.708  4.32   5.061
  4.603  4.087  3.549  0.547 12.85  14.701  3.494  3.936  3.12   3.693
  0.541  0.535 25.716  7.53   7.055  4.076  6.146  0.57   1.136  4.262
  0.567 31.976  8.138  1.099  4.929  7.287  0.55   3.661  0.557 26.387
  5.224  3.029  7.266  2.242  4.926  0.558  3.881 19.612  6.887  1.335
  1.89   2.799  1.179  0.589  3.807 13.898 11.648  4.33   4.267  0.556
 11.027  5.06   2.079  4.53   0.573  4.479  3.778 10.038  6.881  3.082
  4.93   2.185  1.108  3.693 25.876  5.034  4.288  5.769  9.479  1.207
  3.794  0.577  0.576  0.577  3.878 14.415  0.663  1.799  1.152  0.577
  3.641 12.451 12.12   1.717  1.574  1.157  0.574  0.577  7.155  3.87
  1.1    3.301  0.554  3.13   0.548  3.79  11.078  0.608  2.249  4.177
  1.024  0.584  6.998 11.405  5.112  0.577  1.718  0.569  0.569 14.912
 13.546  4.583  6.085  3.761  0.571  0.574  2.736 23.389  3.841  7.561
  5.206  1.14   1.121  1.119 26.377  0.882  7.728  5.776  1.092  4.935
  1.102  0.55   0.548  3.845 11.476  2.92   1.808  0.593  0.59   0.584
 27.701  9.214  2.329  3.879  2.223  3.38   3.602  0.562  6.412  4.857
  3.803  4.126  1.709  0.559  0.562  0.554 18.4    8.773  1.759  1.773
  2.2    5.051  0.551  3.749 14.967  4.934  3.618  1.099  0.55  19.429
  0.577  4.492  4.319  6.813  0.553 18.527  2.387  2.876  4.277  1.097
  1.093  0.546]",[ 0.57618941  0.98389365  0.75504655 22.07269215],1748575088,,False,7,6df61_00033,2025-05-30_11-18-08,369.72326588630676,2601.0241117477417,3725238,ubuntu-vGPU-01,10.11.27.88,2601.0241117477417,7
26.482,"[19.442  4.258  0.517  0.935  0.468  0.467  1.013  0.483 34.434  3.46
  7.729  5.771  1.535  0.492  0.487  0.864  0.486 20.744  3.181  3.422
  3.206  0.927  0.477  0.464 12.263  4.573  0.961  1.533  0.48   0.474
 25.759  5.646  5.097  1.85   0.459  0.919  3.736 30.682  2.89   1.607
  2.537  5.3    0.5    1.294 14.88   8.213  1.695  4.274  1.414  3.287
  0.487  3.922  2.603  0.499  0.483  4.127 13.641  2.077  1.091  6.364
  1.161  0.959  0.475 25.819  4.234 16.038  1.914  1.984  0.957  0.961
  0.49   0.488 36.638  2.633 12.061  0.983  0.491  0.977  0.495 12.945
  1.04   4.742  0.49   1.078  0.489  6.655  5.638  8.222  0.994  0.534
  1.017  4.817  3.783  0.474 12.503 21.988  2.959  3.438  0.492  0.493
  0.488  0.481 20.61   4.432  5.47   2.353  0.467  0.951  0.476 13.591
  1.628  4.818  0.989  0.493 13.028  6.672  2.316  4.077  0.472  0.46
 16.44   5.646  5.404  2.486  1.445  0.486  0.484  0.488  0.491 19.758
  6.882  1.409  0.932  0.476 19.089  5.502  8.598  7.389  5.002  4.389
  2.877  2.895 26.965  4.479  3.454  3.286  7.17   0.983  0.482  3.395
 25.466 11.257  3.934  2.807  1.011  1.009  0.51   0.513  3.338 12.356
  2.838  4.367  3.187  2.91   0.486 28.499  8.192  0.981  0.49   8.152
  0.962  0.478  0.473  4.059 25.179  8.806  5.692  1.427  0.944  0.478
  3.431  4.192 14.643  8.888  1.882  0.947  0.476 14.143  7.379  5.247
  3.984  0.982  3.351 26.058  2.139  3.73   1.614  5.11   2.66   4.729
  0.494  0.492  0.494 30.579  2.226  0.544  6.814  8.962  1.959  3.886
  0.489 16.313  0.581  2.681  0.52   2.872  0.521  0.519 24.044 10.462
  2.913  1.449  0.479  0.491  0.479 28.267  5.667  4.091  7.429  2.437
  0.486  3.967  0.487  0.486 16.17   2.565  2.485  0.465  0.468  0.468
 18.34   9.379  4.583  9.576  0.492  0.981  1.214 12.536  3.941  3.499
  1.029  1.102  0.496  0.503  0.497 33.113  5.12   7.511  0.97   0.964
  3.405  0.482 16.28   1.466  6.098  0.473  0.472  0.473  0.475  0.474
 10.276 13.768  1.006  4.405  1.027  0.512  1.562  0.516  7.037  9.568
  1.09   4.607  0.503  0.509  0.507 10.491  3.224  4.75   0.56   1.522
  0.487 25.328  7.583  3.489  5.301  0.966  0.981  0.486  0.969  0.482
 17.332  2.511  1.926  0.962  0.475 29.592  2.809  8.282  1.443  0.959
  1.437  3.6    4.32   1.258 14.57   1.898  0.517  1.02   0.498  0.47
  0.935  0.931  0.473  2.667 29.957 11.339  6.783  1.459  3.144  0.486
 17.709  5.501  5.099  4.959  0.489  3.905  0.495 27.43  11.695  4.942
  0.548  2.232  5.353  0.502  4.568  0.5    0.495  3.26   4.042 21.077
  3.308  3.054  0.858  4.438  9.866  0.494  0.489  0.493  0.491 26.297
  2.497  0.562  8.908  4.758  0.489  0.484  0.49   2.75  30.544  8.528
  0.971  0.486  0.964  0.484  1.657  3.898  0.484 22.526 20.964  5.274
  7.844  0.98   5.601  1.521  0.49  25.635  2.915  4.328  8.019  8.583
  0.979  0.495 12.692 13.193  6.001  2.482  4.574  5.863  0.479  0.945
  0.474 12.607 11.125  4.659  0.929  1.273  0.483  0.466 11.628 19.877
  2.147  8.023  0.494  0.488  0.489  0.484  0.482 19.926  1.083  8.034
  1.178  0.991  0.493 12.594 10.388  0.985  0.499  0.496  0.479  3.753
 17.984 10.044  8.434  0.477  7.296  3.451  0.473 13.074  0.952  5.495
  0.499  1.502  0.495  0.491 25.293  9.521  2.924  0.465  1.394  0.461
  0.466 24.734  5.479  5.765  8.119  5.598  0.502  4.374  5.027  0.499
  0.497 28.012 11.045  3.345  8.263  1.443  0.967  0.477 20.034  7.268
  2.761  5.07   1.515  1.     0.505 20.373  7.376  1.032  2.571  0.491
  0.496  1.12   0.489  7.863 10.049 18.459  5.057  1.5    1.508  3.911
  0.927  8.015 10.771 13.489  7.028  5.146  1.513  0.502  0.499 24.941
 16.08   6.596  3.076  4.245  4.522  3.888 12.858 10.936  6.439  3.18
  0.53   9.363  0.456  0.459  0.927  0.47  35.203  7.596  5.012  1.076
  0.973  1.564  0.48   0.486  0.488 19.677 14.673  3.778  6.829  2.457
  4.631  4.178  0.492 12.516  3.692  7.173  0.514  0.959  1.253  0.487
 26.008 16.162  7.761  1.927  1.496  3.211  0.489 18.506  8.553  5.739
  3.516  1.462  3.745  0.482  4.389 31.561  0.509  5.257  8.782  1.434
  3.225  0.965 19.339  5.963  4.333  0.48   0.478 25.397  8.395  1.025
  1.538  5.75   4.558  0.503  1.02  16.138  8.782 11.979  5.925  1.374
  3.752  0.456  0.457  0.466 14.337  1.046  4.513  1.009  2.889 13.164
  6.579  7.881  5.352  3.539  2.051  0.947  0.471  0.48   0.482 29.033
  9.288  2.284  1.037  4.102  2.305  5.321  0.508  1.16   0.499  4.306
 28.746  8.385  1.96   0.487  0.978  0.5   16.824 12.469  0.479  1.895
  0.958  0.481  1.117 19.893  0.541  6.834  0.497  0.999  1.515  0.492
 23.327  4.426  1.042  1.041  0.515  0.535  4.266 14.384 12.037  5.688
  1.365  4.859  0.909  0.461 29.788  0.585  6.836  0.572  1.056  3.475
  2.692  1.523  0.495  1.535  0.492 22.474  1.676  5.07   0.972  3.048
  1.246 14.736  1.348  3.316  5.814  2.361  1.035  0.512  0.521  0.517
  0.51  27.763 11.362  5.298  2.062  1.024  0.482  0.976  1.023  0.489
 29.74   5.183  1.629  6.714  3.625  3.683  0.98   2.888  0.489 23.831
  5.682  5.202  1.933  4.257  0.48   0.48  14.624  0.97   4.34   3.239
  0.518  1.019  0.501  1.021  0.504 30.28  19.265  4.727  0.476  0.476
  0.961  7.401  0.48   0.48  11.782  5.022  0.554  2.113  1.028  0.511
 14.071 10.688 14.798  3.563  0.951  1.913  1.46   0.476  1.065  9.002
 20.969  3.171  1.582  0.5    0.505 17.12   1.77   0.994  1.819  0.5
  7.776 13.637  1.053  3.096  1.399  0.471  1.157  0.47  25.028  4.675
  7.     4.001  0.481  1.993  0.487  0.489 11.999 12.256  0.481  1.472
  3.2    1.042  0.479  1.041 17.253  0.552  4.546  1.475  0.995  0.501
  0.506]",[ 0.58062951  0.97881072  0.75429642 22.82116244],1748575445,,False,8,6df61_00033,2025-05-30_11-24-05,356.79794096946716,2957.822052717209,3725238,ubuntu-vGPU-01,10.11.27.88,2957.822052717209,8
24.642,"[15.385  5.248  2.643  0.79   0.397  3.527 21.427  4.84   0.405  4.53
  0.782  0.394  1.415  0.401  8.799 15.239  2.173  2.047  0.409  4.678
  0.397  0.399 18.232  4.89   4.701  0.798  0.394 25.449  8.797  0.411
  1.172  2.58   5.162  0.398  0.399  0.399  0.398  0.397  0.394 16.63
  0.861  0.824  1.189  0.392  0.407  0.399 22.708  2.18   5.323  1.229
  0.415  3.946  0.404 12.731  0.447  0.831  0.396  0.4    0.798  0.4
 24.104  5.683  1.796  9.744  2.039  1.249  0.403  0.405 22.601  7.01
  3.437  1.315  5.17   1.181  2.169  0.39   0.386  0.386 19.899  3.947
  5.49   0.406  0.402  0.398  0.395 15.628  9.121  2.121  1.202  1.211
  2.722  0.402  9.916  9.061  4.707  0.431  0.425  3.03   0.427 25.289
 16.382  8.79   0.411  1.228  0.822  0.41   3.583 25.873  6.351  2.989
  0.395  3.459  1.313  0.399  8.272 24.029 13.391  6.643  3.405  0.412
  0.403  0.411 28.504  4.796  0.412  2.823  0.82   0.814  0.411  0.41
  8.158 11.736  5.842  4.611  0.797  0.804  4.694  3.262 26.165  4.87
  2.161  3.994  0.415  1.639  0.405  0.405  0.407 18.827 17.714  6.832
  2.952  0.795  0.798  0.401  6.727  7.75   1.739  0.455  7.447  1.182
  0.792  0.399 21.947  4.568  6.191  1.261  1.26   0.421  3.996  0.424
 26.677 18.202  4.136  4.384  4.158  0.393  0.393  0.403  4.499 14.739
  1.778  3.133  1.527  8.315  0.834  2.658  0.414  3.736  5.544  3.627
  6.231  0.849  4.168  0.419  4.307 18.463  1.293  0.849  0.391  1.568
  0.392  0.783  0.386  0.392 22.229  8.19  16.098  3.348  4.541  4.617
  3.037  0.418 12.962 22.082 11.117  0.898  2.885  0.412  0.818  6.114
  2.802  0.405 30.908  1.835  6.136  2.812  0.413  3.802  0.984 26.003
  6.767  5.921  4.035  2.046  3.61   0.412  0.408 21.214  8.187  6.881
  2.275  2.436  1.262  0.416  0.43  23.423 20.008  4.791  4.817  0.815
  0.405  1.069 16.345  3.82  21.742  9.13   1.886  0.837  3.987  0.414
  0.419  4.29  21.895  7.221  1.188  0.403  0.401  0.394  0.394  0.395
 16.231 10.335  3.457  1.34   9.113  4.538  0.396  0.394  7.195 11.346
  0.888  0.823  1.076  0.802  0.406 19.506 10.636  0.424  6.817  1.574
  0.789  2.992 10.324 12.747  0.451  0.901  2.073  4.062  2.527  0.812
  0.408 19.504  3.503  1.243  0.415  1.221  3.561  0.404 22.734 14.032
  0.392  3.985  1.608  0.814  0.402 17.993  3.965  1.514  0.398  0.397
  1.111  0.39   0.39  17.345  7.772  5.828  5.301  0.409  0.405  0.418
  0.418  8.101 22.2    4.134  0.453  8.638  5.569  3.206  0.411  1.085
 14.937  3.133  1.546  0.774  0.388  0.385 22.593 10.398  0.42   5.438
  0.408  0.405  0.967  0.407  0.414 26.666  5.667  0.393  4.856  4.842
  0.396  0.801  0.393 12.4    5.972  3.793  4.027  0.821  0.415  0.414
 19.553  0.471  2.123  0.396  3.785  0.403  0.391  0.401  7.08   6.789
  2.494  0.775  0.801  3.121  4.083 19.683  5.903  3.897  6.657  5.402
  0.779  1.035  3.926 16.686  3.17   0.425  1.216  4.042  2.712  0.392
 14.549 15.515  4.221  0.464  5.932  0.409  0.812  4.066  0.405  0.403
 26.649  9.136  4.769  2.293  3.052  6.578  3.774  1.232  0.406  3.921
 14.777  5.209  1.979  2.874  5.168  1.327  1.025  0.824  0.81   0.409
 15.986  4.735  2.268  2.386  0.412  1.919  0.417  0.414  7.652  8.687
  1.733  0.774  0.399  0.4    0.398 17.067  1.871  2.666  0.405  7.726
  3.979  3.909 16.15   2.521  0.801  0.4    0.399  3.033 19.749  1.715
  7.261  2.167  3.403  0.416  3.855 31.599  4.219  1.27   1.202  4.779
  0.4    0.402  0.401  4.114 24.274  2.747  1.642  0.811  0.401  0.397
 16.13   3.455  1.61   0.794  0.4    4.125 11.786 12.428  5.301  5.105
  0.402  0.407  0.416  0.403 26.384  9.644  0.944  6.469  5.197  0.848
  0.856  1.131  0.426  7.43   9.792  8.001  2.926  1.297  1.412  2.256
  0.416  0.412  0.418 10.55   3.38   0.923  4.487  0.806  0.404  0.396
  8.262 13.264  1.225  0.804  0.398 28.041  4.278  4.849  4.165  0.408
  2.91   0.406 12.734  1.903  3.535  1.873  0.802  0.812  0.405  0.409
  0.405 12.208 12.451  0.885  1.186  0.393  0.392  0.385 16.637 12.496
  4.219  0.425  2.939  0.396  1.16   1.176  0.391  0.387  4.351  7.329
 20.531  2.686  1.292  1.217  1.37   0.814  0.814  0.405 17.14   9.433
  1.846  1.26   2.195  0.811  0.808  4.079  3.947 19.426 11.962  8.176
  0.407  0.808  0.406 20.515  1.312  0.848  0.78   0.389  0.391  0.792
  4.155  0.394  0.396  8.454  6.56  19.819  3.158  4.308  0.434  1.128
  0.429 11.23   7.273  0.432  1.284  0.426  0.422 12.781  6.362  5.023
  6.831  0.39   0.392  0.391  4.01  17.84   0.846  1.64   4.536  4.07
  0.405  0.398 17.158  4.02   1.611  3.426  0.405  0.413  7.152  9.886
  0.421  0.86   0.856  0.431 30.614  3.329  6.749  8.336  0.824  0.413
  4.628  0.803  0.4    2.498 23.957  3.951  5.96   1.971  0.799  0.399
 30.487  4.597  1.701  5.607  0.82   1.373  0.421 18.788  8.171  8.416
  5.041  3.666  0.396  0.791  0.395  0.394  2.628 17.836  9.479  3.9
  4.894  0.419  0.416  8.279 12.913  0.418  2.52   0.818  4.412  0.408
 10.662  3.539  4.906  0.419  0.839  0.417 17.069  2.711  3.716  0.827
  0.413 31.696 11.254  6.727  4.192  0.813  0.405  0.408 14.96   3.691
  4.403  1.801  0.386  0.775  0.389  0.383 25.095  5.419 12.131  6.95
  6.875  0.405  0.406  0.408 15.735  7.813 12.413  4.252  3.562  1.592
  0.791  3.125 15.426  3.557  0.841  0.825  0.829  0.41   0.422 24.541
  6.648  2.114  1.433  1.421  0.421  0.416 17.395  0.424  7.403  0.397
  1.183  0.403  0.389  7.685 27.826  7.516  6.249  1.61   0.406  0.402
  0.401 12.237 22.647  0.449  7.184  0.403  3.762  4.05   0.94   0.394
  0.397 17.351  8.246  5.474  3.098  0.395  0.776  0.386  0.391 10.372
  5.564  4.841  0.777  0.403]",[ 0.5689859   0.98198354  0.75432435 22.07454441],1748575810,,True,9,6df61_00033,2025-05-30_11-30-10,364.78036665916443,3322.6024193763733,3725238,ubuntu-vGPU-01,10.11.27.88,3322.6024193763733,9
